Player,Tm,PTS,TRB,AST,Date
Jayson Tatum,BOS,37,4,10,2024-10-22
Anthony Davis,LAL,36,16,4,2024-10-22
Derrick White,BOS,24,3,4,2024-10-22
Jrue Holiday,BOS,18,4,4,2024-10-22
Miles McBride,NYK,22,0,2,2024-10-22
Rui Hachimura,LAL,18,5,1,2024-10-22
Jaylen Brown,BOS,23,7,1,2024-10-22
Rudy Gobert,MIN,13,14,2,2024-10-22
Julius Randle,MIN,16,9,4,2024-10-22
Al Horford,BOS,11,3,5,2024-10-22
Jalen Brunson,NYK,22,1,2,2024-10-22
Anthony Edwards,MIN,27,6,3,2024-10-22
Karl-Anthony Towns,NYK,12,7,3,2024-10-22
Austin Reaves,LAL,12,9,4,2024-10-22
Josh Hart,NYK,12,4,3,2024-10-22
Nickeil Alexander-Walker,MIN,14,5,0,2024-10-22
LeBron James,LAL,16,5,4,2024-10-22
Jaxson Hayes,LAL,10,4,0,2024-10-22
Mikal Bridges,NYK,16,0,2,2024-10-22
Cameron Payne,NYK,11,3,4,2024-10-22
Naz Reid,MIN,12,4,1,2024-10-22
Jericho Sims,NYK,4,9,1,2024-10-22
Luke Kornet,BOS,4,3,1,2024-10-22
Sam Hauser,BOS,10,5,1,2024-10-22
Donte DiVincenzo,MIN,10,3,3,2024-10-22
D'Angelo Russell,LAL,9,1,5,2024-10-22
Dalton Knecht,LAL,5,1,2,2024-10-22
OG Anunoby,NYK,4,5,3,2024-10-22
Xavier Tillman,BOS,2,7,2,2024-10-22
Ariel Hukporti,NYK,0,4,0,2024-10-22
Mike Conley,MIN,5,4,2,2024-10-22
Pacome Dadiet,NYK,3,1,0,2024-10-22
Jaden McDaniels,MIN,6,2,1,2024-10-22
Gabe Vincent,LAL,2,2,2,2024-10-22
Tyler Kolek,NYK,3,0,0,2024-10-22
Jordan Walsh,BOS,0,0,1,2024-10-22
Joe Ingles,MIN,0,0,1,2024-10-22
Neemias Queta,BOS,0,0,0,2024-10-22
Bronny James,LAL,0,1,0,2024-10-22
Jacob Toppin,NYK,0,0,0,2024-10-22
Payton Pritchard,BOS,3,4,4,2024-10-22
Max Christie,LAL,2,2,0,2024-10-22
LaMelo Ball,CHO,34,8,11,2024-10-23
Lauri Markkanen,UTA,35,9,2,2024-10-23
Trae Young,ATL,30,5,12,2024-10-23
Paolo Banchero,ORL,33,11,3,2024-10-23
Onyeka Okongwu,ATL,28,8,1,2024-10-23
Evan Mobley,CLE,25,9,3,2024-10-23
Cam Thomas,BRK,36,5,3,2024-10-23
Alperen Sengun,HOU,25,18,5,2024-10-23
Damian Lillard,MIL,30,9,6,2024-10-23
Brandon Ingram,NOP,33,7,2,2024-10-23
Giannis Antetokounmpo,MIL,25,14,7,2024-10-23
Pascal Siakam,IND,19,8,9,2024-10-23
Walker Kessler,UTA,16,14,1,2024-10-23
Franz Wagner,ORL,23,4,4,2024-10-23
Stephen Curry,GSW,17,9,10,2024-10-23
Cade Cunningham,DET,28,5,8,2024-10-23
Ja Morant,MEM,22,5,10,2024-10-23
Santi Aldama,MEM,27,5,2,2024-10-23
Bradley Beal,PHO,24,3,1,2024-10-23
CJ McCollum,NOP,23,2,5,2024-10-23
Caris LeVert,CLE,19,1,4,2024-10-23
Nikola Vučević,CHI,21,11,1,2024-10-23
Buddy Hield,GSW,22,5,1,2024-10-23
Donovan Mitchell,CLE,21,2,3,2024-10-23
Jarrett Allen,CLE,14,7,1,2024-10-23
Tre Mann,CHO,24,6,1,2024-10-23
Jalen Duren,DET,13,13,4,2024-10-23
Desmond Bane,MEM,24,4,4,2024-10-23
Ty Jerome,CLE,14,2,6,2024-10-23
Taurean Prince,MIL,16,5,3,2024-10-23
Jalen Green,HOU,28,2,0,2024-10-23
Gary Harris,ORL,18,3,1,2024-10-23
Trayce Jackson-Davis,GSW,14,4,2,2024-10-23
Myles Turner,IND,20,9,4,2024-10-23
Dyson Daniels,ATL,15,5,2,2024-10-23
Chris Boucher,TOR,18,2,1,2024-10-23
Tyus Jones,PHO,11,2,8,2024-10-23
James Harden,LAC,29,12,8,2024-10-23
T.J. McConnell,IND,14,2,4,2024-10-23
Jalen Smith,CHI,15,5,0,2024-10-23
Andrew Wiggins,GSW,20,4,2,2024-10-23
Terry Rozier,MIA,19,6,5,2024-10-23
Zach LaVine,CHI,27,5,3,2024-10-23
Dejounte Murray,NOP,14,8,10,2024-10-23
Kyle Lowry,PHI,13,4,6,2024-10-23
Jaden Ivey,DET,17,5,4,2024-10-23
Jordan Clarkson,UTA,17,5,7,2024-10-23
Yves Missi,NOP,12,7,1,2024-10-23
Ivica Zubac,LAC,21,9,3,2024-10-23
Jay Huff,MEM,13,5,1,2024-10-23
Bennedict Mathurin,IND,19,6,1,2024-10-23
Scoot Henderson,POR,22,4,4,2024-10-23
Kevin Durant,PHO,25,7,0,2024-10-23
Javonte Green,NOP,9,3,1,2024-10-23
Bobby Portis,MIL,16,3,3,2024-10-23
Deni Avdija,POR,15,7,2,2024-10-23
Taylor Hendricks,UTA,12,5,0,2024-10-23
Gradey Dick,TOR,16,2,1,2024-10-23
Jalen Suggs,ORL,11,2,4,2024-10-23
Jalen Wilson,BRK,16,4,1,2024-10-23
Wendell Carter,ORL,8,14,2,2024-10-23
Amir Coffey,LAC,11,3,1,2024-10-23
Tyler Herro,MIA,14,5,3,2024-10-23
Collin Sexton,UTA,16,2,3,2024-10-23
Tyrese Maxey,PHI,25,6,3,2024-10-23
Devin Booker,PHO,15,4,6,2024-10-23
Derrick Jones,LAC,12,4,1,2024-10-23
Toumani Camara,POR,11,6,4,2024-10-23
Gary Payton,GSW,8,1,3,2024-10-23
Tim Hardaway,DET,14,1,1,2024-10-23
Tyrese Haliburton,IND,15,5,4,2024-10-23
Moses Moody,GSW,15,2,2,2024-10-23
Anthony Black,ORL,10,6,4,2024-10-23
Cameron Johnson,BRK,14,4,0,2024-10-23
Norman Powell,LAC,17,4,4,2024-10-23
Daniel Theis,NOP,8,2,3,2024-10-23
Caleb Martin,PHI,12,9,3,2024-10-23
Kelly Oubre,PHI,21,2,1,2024-10-23
Immanuel Quickley,TOR,13,2,4,2024-10-23
Jerami Grant,POR,16,2,3,2024-10-23
Jordan Hawkins,NOP,13,7,1,2024-10-23
Deandre Ayton,POR,10,11,2,2024-10-23
Nikola Jović,MIA,15,5,1,2024-10-23
Andre Drummond,PHI,10,13,0,2024-10-23
Scotty Pippen,MEM,6,3,7,2024-10-23
Draymond Green,GSW,8,6,3,2024-10-23
Haywood Highsmith,MIA,9,5,2,2024-10-23
Fred VanVleet,HOU,14,4,6,2024-10-23
De'Andre Hunter,ATL,12,6,1,2024-10-23
Brook Lopez,MIL,10,8,6,2024-10-23
De'Anthony Melton,GSW,11,2,4,2024-10-23
Thomas Bryant,MIA,7,3,2,2024-10-23
Jaime Jaquez,MIA,13,5,3,2024-10-23
Jamal Shead,TOR,10,1,4,2024-10-23
Cody Martin,CHO,8,8,1,2024-10-23
Georges Niang,CLE,11,1,0,2024-10-23
Jusuf Nurkić,PHO,11,9,2,2024-10-23
Bam Adebayo,MIA,9,5,1,2024-10-23
Josh Giddey,CHI,14,5,3,2024-10-23
Clint Capela,ATL,6,7,1,2024-10-23
Mason Plumlee,PHO,8,2,1,2024-10-23
Amen Thompson,HOU,13,4,0,2024-10-23
Ochai Agbaji,TOR,3,6,1,2024-10-23
Kyle Anderson,GSW,2,5,3,2024-10-23
Aaron Nesmith,IND,7,2,0,2024-10-23
Kris Dunn,LAC,5,4,2,2024-10-23
Jalen Johnson,ATL,11,10,4,2024-10-23
Noah Clowney,BRK,7,6,0,2024-10-23
Pat Connaughton,MIL,9,4,1,2024-10-23
Andrew Nembhard,IND,8,2,7,2024-10-23
Guerschon Yabusele,PHI,10,4,3,2024-10-23
Moritz Wagner,ORL,7,6,2,2024-10-23
Gary Trent,MIL,11,2,0,2024-10-23
Dean Wade,CLE,5,8,1,2024-10-23
Lindy Waters,GSW,8,1,0,2024-10-23
John Konchar,MEM,5,5,1,2024-10-23
Terance Mann,LAC,8,5,4,2024-10-23
Coby White,CHI,10,8,6,2024-10-23
Malik Beasley,DET,14,3,1,2024-10-23
Jeremiah Robinson-Earl,NOP,6,1,1,2024-10-23
Grayson Allen,PHO,8,1,3,2024-10-23
Nic Claxton,BRK,7,5,0,2024-10-23
Jock Landale,HOU,5,3,2,2024-10-23
Anfernee Simons,POR,15,2,3,2024-10-23
Jabari Smith,HOU,8,5,1,2024-10-23
Ayo Dosunmu,CHI,8,4,3,2024-10-23
Dorian Finney-Smith,BRK,8,8,1,2024-10-23
Nick Richards,CHO,6,8,1,2024-10-23
Rayan Rupert,POR,6,3,0,2024-10-23
Ziaire Williams,BRK,9,3,1,2024-10-23
Miles Bridges,CHO,10,9,2,2024-10-23
Jamison Battle,TOR,6,2,1,2024-10-23
Jonathan Mogbo,TOR,7,0,0,2024-10-23
Tobias Harris,DET,13,2,1,2024-10-23
Brandon Miller,CHO,6,1,1,2024-10-23
Grant Williams,CHO,8,4,1,2024-10-23
Marcus Smart,MEM,11,5,1,2024-10-23
Ben Simmons,BRK,6,5,8,2024-10-23
Ricky Council,PHI,7,1,0,2024-10-23
Kai Jones,LAC,6,4,0,2024-10-23
Bogdan Bogdanović,ATL,8,2,2,2024-10-23
Seth Curry,CHO,7,2,1,2024-10-23
Lonzo Ball,CHI,5,2,4,2024-10-23
Oso Ighodaro,PHO,2,6,0,2024-10-23
Monte Morris,PHO,5,1,2,2024-10-23
Brice Sensabaugh,UTA,3,2,0,2024-10-23
Ron Holland,DET,6,3,0,2024-10-23
Kevon Looney,GSW,2,6,2,2024-10-23
Moussa Diabaté,CHO,2,5,0,2024-10-23
Tari Eason,HOU,2,2,2,2024-10-23
James Wiseman,IND,6,1,0,2024-10-23
John Collins,UTA,11,5,0,2024-10-23
Sam Merrill,CLE,7,0,1,2024-10-23
Bruno Fernando,TOR,6,7,1,2024-10-23
Tyler Smith,MIL,5,1,0,2024-10-23
Patrick Williams,CHI,6,3,3,2024-10-23
Jared McCain,PHI,4,2,0,2024-10-23
Dennis Schröder,BRK,13,3,7,2024-10-23
Jonathan Isaac,ORL,3,3,0,2024-10-23
Vit Krejci,ATL,3,1,2,2024-10-23
Jose Alvarado,NOP,3,0,3,2024-10-23
Jake LaRavia,MEM,5,1,0,2024-10-23
Royce O'Neale,PHO,5,5,1,2024-10-23
Isaac Okoro,CLE,3,2,2,2024-10-23
Gui Santos,GSW,3,1,1,2024-10-23
Isaiah Stewart,DET,2,4,2,2024-10-23
Jimmy Butler,MIA,3,4,5,2024-10-23
Chris Duarte,CHI,3,0,0,2024-10-23
Keyonte George,UTA,12,2,7,2024-10-23
Pelle Larsson,MIA,2,0,0,2024-10-23
Marcus Sasser,DET,2,1,1,2024-10-23
Garrett Temple,TOR,2,0,2,2024-10-23
Scottie Barnes,TOR,9,6,5,2024-10-23
Obi Toppin,IND,2,1,2,2024-10-23
Duop Reath,POR,3,1,1,2024-10-23
Adem Bona,PHI,2,1,0,2024-10-23
Ulrich Chomche,TOR,2,1,0,2024-10-23
Herbert Jones,NOP,2,4,2,2024-10-23
KJ Martin,PHI,3,5,0,2024-10-23
Julian Phillips,CHI,2,0,1,2024-10-23
Craig Porter,CLE,4,0,1,2024-10-23
Donovan Clingan,POR,2,2,0,2024-10-23
Jonathan Kuminga,GSW,10,4,1,2024-10-23
Jaylon Tyson,CLE,4,2,1,2024-10-23
A.J. Green,MIL,0,0,1,2024-10-23
Davion Mitchell,TOR,8,0,3,2024-10-23
Dalano Banton,POR,3,1,1,2024-10-23
Kentavious Caldwell-Pope,ORL,3,1,2,2024-10-23
Jarace Walker,IND,3,1,1,2024-10-23
Cam Whitmore,HOU,4,0,0,2024-10-23
Jaylen Wells,MEM,6,0,1,2024-10-23
Nicolas Batum,LAC,2,2,2,2024-10-23
Karlo Matković,NOP,0,1,0,2024-10-23
Dru Smith,MIA,0,1,1,2024-10-23
Duncan Robinson,MIA,6,1,1,2024-10-23
Tristan Thompson,CLE,2,1,0,2024-10-23
Delon Wright,MIL,2,0,0,2024-10-23
Zach Edey,MEM,5,5,0,2024-10-23
Enrique Freeman,IND,2,0,0,2024-10-23
Dalen Terry,CHI,0,0,0,2024-10-23
Reed Sheppard,HOU,4,2,3,2024-10-23
Darius Garland,CLE,7,1,6,2024-10-23
Lester Quiñones,PHI,0,1,1,2024-10-23
Cody Williams,UTA,2,4,0,2024-10-23
Jakob Poeltl,TOR,6,9,2,2024-10-23
Ben Sheppard,IND,0,2,0,2024-10-23
Zaccharie Risacher,ATL,7,1,0,2024-10-23
Patty Mills,UTA,0,1,1,2024-10-23
Jabari Walker,POR,0,2,0,2024-10-23
Vasilije Micić,CHO,5,5,1,2024-10-23
MarJon Beauchamp,MIL,0,0,0,2024-10-23
Jeff Dowtin,PHI,0,0,0,2024-10-23
Andre Jackson,MIL,0,0,0,2024-10-23
Caleb Houstan,ORL,0,1,0,2024-10-23
Brandin Podziemski,GSW,0,7,4,2024-10-23
Ryan Dunn,PHO,2,2,1,2024-10-23
Ryan Rollins,MIL,0,0,0,2024-10-23
Brandon Clarke,MEM,2,3,1,2024-10-23
AJ Johnson,MIL,0,0,0,2024-10-23
Shake Milton,BRK,0,0,0,2024-10-23
Matas Buzelis,CHI,0,2,1,2024-10-23
Eric Gordon,PHI,2,1,1,2024-10-23
Talen Horton-Tucker,CHI,0,2,1,2024-10-23
Cory Joseph,ORL,0,0,0,2024-10-23
Kris Murray,POR,1,1,1,2024-10-23
Tristan Da Silva,ORL,0,0,0,2024-10-23
Jett Howard,ORL,0,1,0,2024-10-23
Kel'el Ware,MIA,0,1,0,2024-10-23
Kevin Porter,LAC,2,4,2,2024-10-23
Dillon Brooks,HOU,2,3,0,2024-10-23
Goga Bitadze,ORL,0,2,0,2024-10-23
Cole Anthony,ORL,0,3,6,2024-10-23
Antonio Reeves,NOP,0,0,0,2024-10-23
Simone Fontecchio,DET,0,1,0,2024-10-23
Chet Holmgren,OKC,25,14,5,2024-10-24
Julius Randle,MIN,33,5,4,2024-10-24
Shai Gilgeous-Alexander,OKC,28,7,8,2024-10-24
Jaylen Brown,BOS,27,8,3,2024-10-24
Klay Thompson,DAL,22,7,1,2024-10-24
Nikola Jokić,DEN,16,12,13,2024-10-24
Jayson Tatum,BOS,25,11,6,2024-10-24
Anthony Edwards,MIN,32,7,4,2024-10-24
Jordan Poole,WAS,26,1,4,2024-10-24
Luka Dončić,DAL,28,10,8,2024-10-24
DeMar DeRozan,SAC,26,8,2,2024-10-24
Keegan Murray,SAC,23,11,2,2024-10-24
Dereck Lively,DAL,15,11,6,2024-10-24
Domantas Sabonis,SAC,24,8,1,2024-10-24
Derrick White,BOS,19,4,4,2024-10-24
Naz Reid,MIN,19,13,3,2024-10-24
Julian Champagnie,SAS,18,7,3,2024-10-24
Jonas Valančiūnas,WAS,18,5,2,2024-10-24
Harrison Barnes,SAS,17,4,2,2024-10-24
Malik Monk,SAC,17,1,4,2024-10-24
Aaron Wiggins,OKC,15,6,1,2024-10-24
De'Aaron Fox,SAC,15,2,11,2024-10-24
Christian Braun,DEN,16,7,1,2024-10-24
Bilal Coulibaly,WAS,8,6,6,2024-10-24
Payton Pritchard,BOS,15,1,2,2024-10-24
Kyrie Irving,DAL,15,3,2,2024-10-24
Aaron Gordon,DEN,12,9,2,2024-10-24
Jeremy Sochan,SAS,18,6,2,2024-10-24
Neemias Queta,BOS,12,7,0,2024-10-24
Daniel Gafford,DAL,9,6,2,2024-10-24
P.J. Washington,DAL,11,5,2,2024-10-24
Michael Porter,DEN,15,8,2,2024-10-24
Jamal Murray,DEN,12,6,4,2024-10-24
Jaden Hardy,DAL,11,1,2,2024-10-24
Nickeil Alexander-Walker,MIN,9,1,2,2024-10-24
Marvin Bagley,WAS,8,6,1,2024-10-24
Victor Wembanyama,SAS,17,9,1,2024-10-24
Blake Wesley,SAS,6,0,2,2024-10-24
Xavier Tillman,BOS,8,1,1,2024-10-24
Stephon Castle,SAS,8,3,5,2024-10-24
Zach Collins,SAS,5,5,1,2024-10-24
Malaki Branham,SAS,7,2,0,2024-10-24
Ousmane Dieng,OKC,6,3,0,2024-10-24
Jared Butler,WAS,6,0,2,2024-10-24
Tre Jones,SAS,3,1,3,2024-10-24
Patrick Baldwin,WAS,7,2,1,2024-10-24
Corey Kispert,WAS,6,5,3,2024-10-24
Kyle Kuzma,WAS,12,2,1,2024-10-24
Chris Paul,SAS,3,7,8,2024-10-24
Luguentz Dort,OKC,5,2,0,2024-10-24
Russell Westbrook,DEN,6,5,5,2024-10-24
Mike Conley,MIN,6,2,4,2024-10-24
Maxi Kleber,DAL,3,4,1,2024-10-24
Cason Wallace,OKC,4,4,0,2024-10-24
Rudy Gobert,MIN,3,11,1,2024-10-24
Luke Kornet,BOS,4,4,1,2024-10-24
Keon Ellis,SAC,2,1,0,2024-10-24
Isaiah Joe,OKC,7,2,1,2024-10-24
Julian Strawther,DEN,6,0,1,2024-10-24
Charles Bassey,SAS,0,1,1,2024-10-24
Kyshawn George,WAS,4,3,2,2024-10-24
Jrue Holiday,BOS,7,2,1,2024-10-24
Donte DiVincenzo,MIN,9,1,2,2024-10-24
Keldon Johnson,SAS,7,4,2,2024-10-24
Dwight Powell,DAL,2,1,0,2024-10-24
Jaden Springer,BOS,1,3,1,2024-10-24
Alex Caruso,OKC,0,6,4,2024-10-24
Alex Len,SAC,3,2,0,2024-10-24
Trey Lyles,SAC,3,1,1,2024-10-24
Baylor Scheierman,BOS,4,1,0,2024-10-24
Peyton Watson,DEN,2,6,1,2024-10-24
Dario Šarić,DEN,2,1,0,2024-10-24
Anthony Gill,WAS,2,0,1,2024-10-24
Drew Peterson,BOS,0,1,0,2024-10-24
Jaden McDaniels,MIN,6,2,3,2024-10-24
Jalen Williams,OKC,12,3,3,2024-10-24
Alex Sarr,WAS,2,5,1,2024-10-24
Justin Champagnie,WAS,0,2,1,2024-10-24
Trey Alexander,DEN,0,1,0,2024-10-24
Vlatko Čančar,DEN,0,1,0,2024-10-24
Spencer Dinwiddie,DAL,0,1,0,2024-10-24
Joe Ingles,MIN,0,0,1,2024-10-24
Sandro Mamukelashvili,SAS,0,3,0,2024-10-24
Naji Marshall,DAL,2,1,3,2024-10-24
Alex Ducas,OKC,0,0,0,2024-10-24
Adam Flagler,OKC,0,0,0,2024-10-24
Kevin Huerter,SAC,2,4,0,2024-10-24
Olivier-Maxence Prosper,DAL,0,0,0,2024-10-24
Dillon Jones,OKC,0,1,0,2024-10-24
Hunter Tyson,DEN,0,1,0,2024-10-24
Carlton Carrington,WAS,3,3,2,2024-10-24
Johnny Davis,WAS,0,0,0,2024-10-24
Zeke Nnaji,DEN,0,0,0,2024-10-24
Jalen Pickett,DEN,0,0,0,2024-10-24
Al Horford,BOS,0,5,1,2024-10-24
Doug McDermott,SAC,0,0,0,2024-10-24
Jordan Walsh,BOS,0,0,0,2024-10-24
Ajay Mitchell,OKC,0,1,1,2024-10-24
Quentin Grimes,DAL,2,0,0,2024-10-24
JD Davison,BOS,0,1,1,2024-10-24
Trae Young,ATL,38,8,10,2024-10-25
Coby White,CHI,35,6,5,2024-10-25
Anthony Davis,LAL,35,8,4,2024-10-25
Giannis Antetokounmpo,MIL,38,11,5,2024-10-25
Buddy Hield,GSW,27,4,6,2024-10-25
Austin Reaves,LAL,26,4,8,2024-10-25
Scottie Barnes,TOR,27,5,4,2024-10-25
Kevin Durant,PHO,30,4,6,2024-10-25
Franz Wagner,ORL,29,6,5,2024-10-25
Karl-Anthony Towns,NYK,21,15,0,2024-10-25
Jerami Grant,POR,34,6,1,2024-10-25
Jalen Brunson,NYK,26,5,5,2024-10-25
De'Andre Hunter,ATL,24,7,3,2024-10-25
Zach LaVine,CHI,25,5,1,2024-10-25
Jordan Hawkins,NOP,24,5,0,2024-10-25
Miles Bridges,CHO,27,5,0,2024-10-25
Jarrett Allen,CLE,17,11,2,2024-10-25
Josh Giddey,CHI,17,6,9,2024-10-25
Damian Lillard,MIL,28,4,8,2024-10-25
Jakob Poeltl,TOR,19,9,3,2024-10-25
Dean Wade,CLE,19,5,1,2024-10-25
Kelly Oubre,PHI,28,2,2,2024-10-25
Mikal Bridges,NYK,21,1,5,2024-10-25
LeBron James,LAL,21,4,8,2024-10-25
Dyson Daniels,ATL,18,1,4,2024-10-25
LaMelo Ball,CHO,34,5,4,2024-10-25
Cade Cunningham,DET,33,4,6,2024-10-25
CJ McCollum,NOP,20,2,3,2024-10-25
Nikola Vučević,CHI,22,10,4,2024-10-25
Jonathan Mogbo,TOR,12,9,5,2024-10-25
Dennis Schröder,BRK,20,1,6,2024-10-25
Josh Hart,NYK,20,10,3,2024-10-25
Brandon Ingram,NOP,21,8,4,2024-10-25
Evan Mobley,CLE,16,6,3,2024-10-25
Nick Richards,CHO,12,13,2,2024-10-25
Cam Thomas,BRK,24,6,3,2024-10-25
Zion Williamson,NOP,16,11,7,2024-10-25
Dillon Brooks,HOU,18,4,0,2024-10-25
Jalen Green,HOU,22,6,4,2024-10-25
Scoot Henderson,POR,15,1,6,2024-10-25
Devin Booker,PHO,23,3,4,2024-10-25
Tari Eason,HOU,13,5,0,2024-10-25
Bennedict Mathurin,IND,20,2,1,2024-10-25
Paolo Banchero,ORL,15,6,9,2024-10-25
Jaden Ivey,DET,22,5,4,2024-10-25
Ty Jerome,CLE,13,2,4,2024-10-25
Wendell Carter,ORL,8,11,4,2024-10-25
Anfernee Simons,POR,24,1,7,2024-10-25
Bradley Beal,PHO,15,1,9,2024-10-25
Trayce Jackson-Davis,GSW,12,9,2,2024-10-25
Jabari Smith,HOU,14,16,4,2024-10-25
Jarace Walker,IND,12,4,3,2024-10-25
Dorian Finney-Smith,BRK,15,6,0,2024-10-25
Desmond Bane,MEM,17,3,4,2024-10-25
Fred VanVleet,HOU,16,3,3,2024-10-25
Tyus Jones,PHO,14,2,4,2024-10-25
Zach Edey,MEM,13,9,1,2024-10-25
Taurean Prince,MIL,11,8,2,2024-10-25
Kyle Lowry,PHI,14,1,2,2024-10-25
Moritz Wagner,ORL,18,3,0,2024-10-25
Andrew Wiggins,GSW,10,13,5,2024-10-25
John Collins,UTA,14,7,4,2024-10-25
Alperen Sengun,HOU,16,15,2,2024-10-25
Ochai Agbaji,TOR,12,8,1,2024-10-25
Monte Morris,PHO,8,2,3,2024-10-25
Patrick Williams,CHI,13,5,2,2024-10-25
Brandin Podziemski,GSW,15,5,1,2024-10-25
Kevon Looney,GSW,9,10,1,2024-10-25
Kentavious Caldwell-Pope,ORL,10,1,2,2024-10-25
Caris LeVert,CLE,9,3,2,2024-10-25
Tyrese Maxey,PHI,24,2,4,2024-10-25
Jalen Johnson,ATL,16,7,3,2024-10-25
Stephen Curry,GSW,20,3,4,2024-10-25
John Konchar,MEM,7,6,2,2024-10-25
Kyle Anderson,GSW,7,6,3,2024-10-25
Jamison Battle,TOR,12,6,0,2024-10-25
Scotty Pippen,MEM,13,3,4,2024-10-25
Rui Hachimura,LAL,14,7,2,2024-10-25
Jaxson Hayes,LAL,6,6,4,2024-10-25
Myles Turner,IND,13,7,1,2024-10-25
Tobias Harris,DET,10,5,4,2024-10-25
Andre Drummond,PHI,11,9,0,2024-10-25
Bobby Portis,MIL,9,12,1,2024-10-25
Darius Garland,CLE,13,2,6,2024-10-25
Anthony Black,ORL,10,3,5,2024-10-25
Obi Toppin,IND,8,1,4,2024-10-25
Yves Missi,NOP,8,6,2,2024-10-25
Ja Morant,MEM,24,0,2,2024-10-25
Grant Williams,CHO,9,4,6,2024-10-25
Jay Huff,MEM,8,3,1,2024-10-25
Malik Beasley,DET,13,4,1,2024-10-25
Isaiah Jackson,IND,10,5,2,2024-10-25
Gary Trent,MIL,10,1,2,2024-10-25
Seth Curry,CHO,9,5,2,2024-10-25
Caleb Martin,PHI,11,5,4,2024-10-25
OG Anunoby,NYK,14,4,1,2024-10-25
Onyeka Okongwu,ATL,7,8,3,2024-10-25
A.J. Green,MIL,9,1,1,2024-10-25
Dalton Knecht,LAL,8,1,2,2024-10-25
Donovan Mitchell,CLE,19,2,5,2024-10-25
Moses Moody,GSW,12,1,1,2024-10-25
Clint Capela,ATL,6,7,1,2024-10-25
Tre Mann,CHO,17,3,4,2024-10-25
Pascal Siakam,IND,12,5,2,2024-10-25
Ryan Dunn,PHO,9,3,1,2024-10-25
Deandre Ayton,POR,10,15,2,2024-10-25
Jalen Duren,DET,5,7,5,2024-10-25
T.J. McConnell,IND,7,2,5,2024-10-25
Jalen Smith,CHI,11,5,1,2024-10-25
Kris Murray,POR,7,3,2,2024-10-25
Gary Payton,GSW,4,1,2,2024-10-25
Lindy Waters,GSW,6,1,1,2024-10-25
Jalen Suggs,ORL,10,5,1,2024-10-25
Delon Wright,MIL,5,0,3,2024-10-25
Mason Plumlee,PHO,6,7,0,2024-10-25
Tim Hardaway,DET,9,3,1,2024-10-25
Garrison Mathews,ATL,8,1,0,2024-10-25
Drew Eubanks,UTA,4,2,2,2024-10-25
Eric Gordon,PHI,8,1,2,2024-10-25
Royce O'Neale,PHO,7,4,4,2024-10-25
Chris Boucher,TOR,4,3,1,2024-10-25
Nic Claxton,BRK,4,5,3,2024-10-25
Donovan Clingan,POR,4,6,0,2024-10-25
Keyonte George,UTA,12,2,3,2024-10-25
Walker Kessler,UTA,2,9,2,2024-10-25
Isaac Okoro,CLE,4,2,3,2024-10-25
Reed Sheppard,HOU,6,0,2,2024-10-25
Miles McBride,NYK,8,2,2,2024-10-25
Cameron Payne,NYK,7,2,3,2024-10-25
Josh Green,CHO,5,3,2,2024-10-25
Lauri Markkanen,UTA,13,8,2,2024-10-25
Herbert Jones,NOP,8,1,1,2024-10-25
Jake LaRavia,MEM,6,6,4,2024-10-25
Ziaire Williams,BRK,7,7,1,2024-10-25
Cole Anthony,ORL,4,1,2,2024-10-25
Toumani Camara,POR,5,6,2,2024-10-25
KJ Martin,PHI,2,3,3,2024-10-25
Gabe Vincent,LAL,5,2,0,2024-10-25
Brice Sensabaugh,UTA,9,3,0,2024-10-25
Daniel Theis,NOP,5,6,4,2024-10-25
Dalen Terry,CHI,3,2,1,2024-10-25
Gary Harris,ORL,6,1,0,2024-10-25
Cameron Johnson,BRK,12,2,2,2024-10-25
D'Angelo Russell,LAL,5,2,5,2024-10-25
Quenton Jackson,IND,2,1,2,2024-10-25
Guerschon Yabusele,PHI,9,4,1,2024-10-25
Patty Mills,UTA,7,1,0,2024-10-25
Draymond Green,GSW,3,2,4,2024-10-25
Jordan Clarkson,UTA,11,1,2,2024-10-25
Marcus Smart,MEM,7,1,2,2024-10-25
Julian Phillips,CHI,3,2,0,2024-10-25
Ben Simmons,BRK,7,6,3,2024-10-25
Davion Mitchell,TOR,8,3,3,2024-10-25
Zaccharie Risacher,ATL,5,0,1,2024-10-25
Jeenathan Williams,HOU,3,2,0,2024-10-25
Tyler Kolek,NYK,4,0,0,2024-10-25
Amen Thompson,HOU,9,6,3,2024-10-25
Santi Aldama,MEM,2,5,3,2024-10-25
Ron Holland,DET,4,7,1,2024-10-25
Jett Howard,ORL,3,0,0,2024-10-25
Goga Bitadze,ORL,3,2,0,2024-10-25
Max Christie,LAL,3,3,0,2024-10-25
Deni Avdija,POR,2,6,6,2024-10-25
Shake Milton,BRK,3,1,2,2024-10-25
Noah Clowney,BRK,7,2,0,2024-10-25
Enrique Freeman,IND,2,1,0,2024-10-25
Simone Fontecchio,DET,5,2,0,2024-10-25
James Johnson,IND,2,0,1,2024-10-25
Cam Whitmore,HOU,11,3,0,2024-10-25
Ryan Rollins,MIL,2,0,0,2024-10-25
Matas Buzelis,CHI,2,0,2,2024-10-25
Jericho Sims,NYK,2,2,0,2024-10-25
Cody Martin,CHO,3,5,1,2024-10-25
Brook Lopez,MIL,7,4,1,2024-10-25
Moussa Diabaté,CHO,2,4,0,2024-10-25
Marcus Sasser,DET,0,1,1,2024-10-25
Collin Sexton,UTA,12,2,1,2024-10-25
Jock Landale,HOU,0,3,0,2024-10-25
Andrew Nembhard,IND,2,2,2,2024-10-25
Jusuf Nurkić,PHO,4,7,4,2024-10-25
D.J. Carton,TOR,0,2,3,2024-10-25
Jamal Shead,TOR,11,2,5,2024-10-25
Ayo Dosunmu,CHI,2,5,5,2024-10-25
Jared McCain,PHI,0,1,1,2024-10-25
Georges Niang,CLE,3,5,0,2024-10-25
Bruno Fernando,TOR,2,6,0,2024-10-25
Vasilije Micić,CHO,2,6,1,2024-10-25
Yuki Kawamura,MEM,0,0,1,2024-10-25
Jonathan Kuminga,GSW,2,1,1,2024-10-25
Jae'Sean Tate,HOU,0,1,1,2024-10-25
Jaylen Wells,MEM,8,4,0,2024-10-25
Javonte Green,NOP,3,2,0,2024-10-25
Ariel Hukporti,NYK,0,1,0,2024-10-25
Vit Krejci,ATL,3,0,0,2024-10-25
Jose Alvarado,NOP,0,1,4,2024-10-25
Aaron Nesmith,IND,4,2,0,2024-10-25
Cody Williams,UTA,2,3,2,2024-10-25
Kyle Filipowski,UTA,0,0,0,2024-10-25
Aaron Holiday,HOU,0,0,1,2024-10-25
Talen Horton-Tucker,CHI,0,0,0,2024-10-25
Wendell Moore,DET,0,0,0,2024-10-25
Craig Porter,CLE,0,0,0,2024-10-25
Tyler Smith,MIL,0,0,0,2024-10-25
Garrett Temple,TOR,0,0,0,2024-10-25
Jacob Toppin,NYK,0,0,0,2024-10-25
Jaylon Tyson,CLE,0,0,0,2024-10-25
Keon Johnson,BRK,2,0,0,2024-10-25
Pat Connaughton,MIL,3,5,1,2024-10-25
Gradey Dick,TOR,8,1,0,2024-10-25
Jabari Walker,POR,2,4,0,2024-10-25
Adem Bona,PHI,0,0,0,2024-10-25
AJ Johnson,MIL,0,1,0,2024-10-25
Ben Sheppard,IND,4,0,0,2024-10-25
Taylor Hendricks,UTA,0,7,0,2024-10-25
Sam Merrill,CLE,0,1,2,2024-10-25
Brandon Clarke,MEM,3,3,0,2024-10-25
Paul Reed,DET,0,1,1,2024-10-25
Daniss Jenkins,DET,0,0,0,2024-10-25
Gui Santos,GSW,0,3,0,2024-10-25
Isaiah Stewart,DET,0,3,1,2024-10-25
Ricky Council,PHI,0,0,0,2024-10-25
MarJon Beauchamp,MIL,0,0,0,2024-10-25
Reggie Jackson,PHI,0,0,0,2024-10-25
Pacome Dadiet,NYK,0,1,0,2024-10-25
Jeremiah Robinson-Earl,NOP,0,2,0,2024-10-25
Oso Ighodaro,PHO,0,1,0,2024-10-25
Johnny Furphy,IND,0,0,0,2024-10-25
Tyrese Haliburton,IND,0,1,5,2024-10-25
De'Anthony Melton,GSW,0,1,4,2024-10-25
Jalen Wilson,BRK,0,1,2,2024-10-25
Domantas Sabonis,SAC,29,12,10,2024-10-26
Nikola Jokić,DEN,41,9,4,2024-10-26
Anthony Davis,LAL,31,9,2,2024-10-26
Luka Dončić,DAL,40,10,4,2024-10-26
Norman Powell,LAC,37,3,0,2024-10-26
LeBron James,LAL,32,14,10,2024-10-26
Jimmy Butler,MIA,26,8,8,2024-10-26
Jayson Tatum,BOS,37,4,2,2024-10-26
Donovan Mitchell,CLE,30,4,5,2024-10-26
Kevin Durant,PHO,31,9,2,2024-10-26
Jarrett Allen,CLE,23,5,1,2024-10-26
Jaden Ivey,DET,26,5,6,2024-10-26
James Harden,LAC,23,6,16,2024-10-26
Victor Wembanyama,SAS,29,7,1,2024-10-26
Santi Aldama,MEM,22,7,5,2024-10-26
Ivica Zubac,LAC,24,15,4,2024-10-26
De'Aaron Fox,SAC,28,5,10,2024-10-26
DeMar DeRozan,SAC,23,0,3,2024-10-26
Jalen Green,HOU,29,6,5,2024-10-26
Darius Garland,CLE,23,2,5,2024-10-26
Jalen Williams,OKC,24,9,8,2024-10-26
Shai Gilgeous-Alexander,OKC,23,8,2,2024-10-26
Jamal Murray,DEN,22,2,5,2024-10-26
Al Horford,BOS,17,5,1,2024-10-26
Gradey Dick,TOR,25,1,2,2024-10-26
Julius Randle,MIN,24,9,5,2024-10-26
Rudy Gobert,MIN,15,12,1,2024-10-26
Jalen Suggs,ORL,21,7,3,2024-10-26
LaMelo Ball,CHO,27,8,7,2024-10-26
Fred VanVleet,HOU,18,2,7,2024-10-26
Jalen Duren,DET,15,9,2,2024-10-26
Payton Pritchard,BOS,19,2,0,2024-10-26
Devin Booker,PHO,21,1,5,2024-10-26
Tyler Herro,MIA,22,5,5,2024-10-26
Chet Holmgren,OKC,21,16,0,2024-10-26
Rui Hachimura,LAL,18,9,3,2024-10-26
Nikola Vučević,CHI,18,13,2,2024-10-26
Jay Huff,MEM,18,2,0,2024-10-26
Bilal Coulibaly,WAS,23,6,1,2024-10-26
Jaylen Brown,BOS,24,10,5,2024-10-26
Zach LaVine,CHI,22,9,3,2024-10-26
Jordan Poole,WAS,14,1,6,2024-10-26
Kyrie Irving,DAL,22,2,5,2024-10-26
Jeremy Sochan,SAS,17,12,3,2024-10-26
D'Angelo Russell,LAL,16,4,5,2024-10-26
Derrick White,BOS,17,6,3,2024-10-26
Scotty Pippen,MEM,11,5,12,2024-10-26
Franz Wagner,ORL,23,7,3,2024-10-26
Terry Rozier,MIA,19,5,3,2024-10-26
Ty Jerome,CLE,14,2,3,2024-10-26
Mike Conley,MIN,10,3,6,2024-10-26
Ja Morant,MEM,16,2,10,2024-10-26
Cade Cunningham,DET,21,6,10,2024-10-26
Anthony Edwards,MIN,24,6,4,2024-10-26
Keldon Johnson,SAS,16,8,0,2024-10-26
Ochai Agbaji,TOR,19,2,2,2024-10-26
Tyus Jones,PHO,8,5,7,2024-10-26
Nick Richards,CHO,12,12,1,2024-10-26
Caris LeVert,CLE,10,0,4,2024-10-26
Keegan Murray,SAC,14,4,1,2024-10-26
Malik Beasley,DET,17,3,0,2024-10-26
Christian Braun,DEN,11,7,1,2024-10-26
Tre Mann,CHO,14,5,4,2024-10-26
Jusuf Nurkić,PHO,18,14,1,2024-10-26
Nikola Jović,MIA,10,4,6,2024-10-26
Seth Curry,CHO,15,4,2,2024-10-26
Kevin Huerter,SAC,14,2,1,2024-10-26
Scottie Barnes,TOR,20,8,6,2024-10-26
Austin Reaves,LAL,16,7,6,2024-10-26
Alex Sarr,WAS,12,6,1,2024-10-26
Malik Monk,SAC,14,3,5,2024-10-26
Harrison Barnes,SAS,11,3,1,2024-10-26
Miles Bridges,CHO,16,9,2,2024-10-26
Klay Thompson,DAL,19,3,1,2024-10-26
Dillon Brooks,HOU,16,2,1,2024-10-26
Jaden McDaniels,MIN,9,3,2,2024-10-26
Jock Landale,HOU,13,2,0,2024-10-26
Royce O'Neale,PHO,7,9,4,2024-10-26
Evan Mobley,CLE,13,13,4,2024-10-26
Naz Reid,MIN,10,4,1,2024-10-26
Bam Adebayo,MIA,12,11,3,2024-10-26
Desmond Bane,MEM,13,7,2,2024-10-26
Jared Butler,WAS,8,1,3,2024-10-26
Cason Wallace,OKC,9,6,2,2024-10-26
Paolo Banchero,ORL,16,7,3,2024-10-26
Dereck Lively,DAL,5,11,3,2024-10-26
Alec Burks,MIA,9,2,0,2024-10-26
Julian Champagnie,SAS,12,6,0,2024-10-26
Jett Howard,ORL,11,2,0,2024-10-26
Kris Dunn,LAC,11,6,1,2024-10-26
Jonas Valančiūnas,WAS,10,8,0,2024-10-26
Donte DiVincenzo,MIN,16,2,2,2024-10-26
Jamison Battle,TOR,9,6,1,2024-10-26
Daniel Gafford,DAL,7,8,4,2024-10-26
Kyle Kuzma,WAS,14,8,3,2024-10-26
Isaiah Stewart,DET,6,5,3,2024-10-26
Ryan Dunn,PHO,13,1,1,2024-10-26
Simone Fontecchio,DET,11,2,0,2024-10-26
Julian Strawther,DEN,8,2,3,2024-10-26
Aaron Gordon,DEN,10,5,2,2024-10-26
Jakob Poeltl,TOR,8,10,3,2024-10-26
Marvin Bagley,WAS,9,6,0,2024-10-26
Josh Giddey,CHI,14,7,4,2024-10-26
Sam Merrill,CLE,11,2,1,2024-10-26
Thomas Bryant,MIA,6,1,2,2024-10-26
Marcus Smart,MEM,9,0,3,2024-10-26
Michael Porter,DEN,9,9,3,2024-10-26
Jaren Jackson,MEM,13,4,1,2024-10-26
Julian Phillips,CHI,9,1,0,2024-10-26
Tari Eason,HOU,6,2,2,2024-10-26
Cody Martin,CHO,10,3,2,2024-10-26
Malaki Branham,SAS,7,3,2,2024-10-26
Anthony Black,ORL,10,1,3,2024-10-26
Jake LaRavia,MEM,3,7,2,2024-10-26
Cam Whitmore,HOU,10,3,0,2024-10-26
Jaylen Wells,MEM,7,2,2,2024-10-26
Monte Morris,PHO,8,3,3,2024-10-26
Moritz Wagner,ORL,9,3,0,2024-10-26
Tim Hardaway,DET,9,2,2,2024-10-26
Bruno Fernando,TOR,6,3,1,2024-10-26
Jaime Jaquez,MIA,6,6,4,2024-10-26
Nickeil Alexander-Walker,MIN,4,1,4,2024-10-26
Brandon Clarke,MEM,5,5,1,2024-10-26
Corey Kispert,WAS,10,1,2,2024-10-26
Dalton Knecht,LAL,10,0,1,2024-10-26
Zach Collins,SAS,4,8,2,2024-10-26
Jrue Holiday,BOS,7,3,4,2024-10-26
Ousmane Dieng,OKC,6,6,1,2024-10-26
Jamal Shead,TOR,5,0,5,2024-10-26
Carlton Carrington,WAS,10,2,4,2024-10-26
Luguentz Dort,OKC,7,2,1,2024-10-26
Tobias Harris,DET,8,11,3,2024-10-26
Isaac Okoro,CLE,3,5,1,2024-10-26
Jaxson Hayes,LAL,4,2,1,2024-10-26
Caleb Houstan,ORL,6,0,0,2024-10-26
Isaiah Joe,OKC,6,1,1,2024-10-26
Xavier Tillman,BOS,3,3,1,2024-10-26
Alex Caruso,OKC,3,2,2,2024-10-26
Zach Edey,MEM,7,1,0,2024-10-26
Trey Lyles,SAC,5,4,1,2024-10-26
Derrick Jones,LAC,9,1,1,2024-10-26
Ajay Mitchell,OKC,4,1,3,2024-10-26
Alperen Sengun,HOU,6,5,2,2024-10-26
Nicolas Batum,LAC,1,4,3,2024-10-26
Goga Bitadze,ORL,2,1,1,2024-10-26
Chris Paul,SAS,3,0,9,2024-10-26
Aaron Wiggins,OKC,8,3,1,2024-10-26
Moussa Diabaté,CHO,5,2,0,2024-10-26
Davion Mitchell,TOR,0,2,8,2024-10-26
Chris Duarte,CHI,3,0,1,2024-10-26
Cory Joseph,ORL,3,0,1,2024-10-26
Stephon Castle,SAS,8,1,3,2024-10-26
Adam Flagler,OKC,3,0,0,2024-10-26
Ron Holland,DET,5,1,1,2024-10-26
Grant Williams,CHO,7,2,1,2024-10-26
Jalen Smith,CHI,4,6,0,2024-10-26
Jonathan Mogbo,TOR,2,3,1,2024-10-26
Jabari Smith,HOU,7,7,1,2024-10-26
Cole Anthony,ORL,4,0,2,2024-10-26
Wendell Carter,ORL,3,10,2,2024-10-26
Luke Kornet,BOS,0,4,3,2024-10-26
Craig Porter,CLE,0,2,1,2024-10-26
Georges Niang,CLE,3,6,1,2024-10-26
Patrick Baldwin,WAS,2,2,0,2024-10-26
Joe Ingles,MIN,0,1,4,2024-10-26
Naji Marshall,DAL,2,2,3,2024-10-26
Mason Plumlee,PHO,3,1,1,2024-10-26
Collin Gillespie,PHO,3,0,0,2024-10-26
Patrick Williams,CHI,3,8,2,2024-10-26
Maxi Kleber,DAL,2,1,2,2024-10-26
Kai Jones,LAC,0,2,0,2024-10-26
Mac McClung,ORL,0,1,2,2024-10-26
Max Christie,LAL,2,0,4,2024-10-26
Dean Wade,CLE,2,5,1,2024-10-26
Blake Wesley,SAS,2,1,2,2024-10-26
Kentavious Caldwell-Pope,ORL,3,2,1,2024-10-26
Duncan Robinson,MIA,4,0,1,2024-10-26
Damion Lee,PHO,2,3,2,2024-10-26
Jevon Carter,CHI,0,0,1,2024-10-26
Talen Horton-Tucker,CHI,2,2,0,2024-10-26
Johnny Davis,WAS,2,1,1,2024-10-26
Chris Boucher,TOR,4,9,0,2024-10-26
Dalen Terry,CHI,2,0,0,2024-10-26
Coby White,CHI,9,4,3,2024-10-26
P.J. Washington,DAL,5,6,0,2024-10-26
Matas Buzelis,CHI,3,1,0,2024-10-26
Amir Coffey,LAC,0,2,3,2024-10-26
Amen Thompson,HOU,1,4,2,2024-10-26
Gary Harris,ORL,0,0,0,2024-10-26
Dillon Jones,OKC,0,0,0,2024-10-26
Jordan McLaughlin,SAC,0,0,0,2024-10-26
Dwight Powell,DAL,0,0,0,2024-10-26
Olivier-Maxence Prosper,DAL,0,0,0,2024-10-26
Kyshawn George,WAS,2,4,4,2024-10-26
Quentin Grimes,DAL,0,2,0,2024-10-26
D.J. Carton,TOR,3,2,0,2024-10-26
Alex Ducas,OKC,0,0,0,2024-10-26
Tidjane Salaün,CHO,0,1,0,2024-10-26
Dru Smith,MIA,0,1,1,2024-10-26
Russell Westbrook,DEN,2,1,2,2024-10-26
Peyton Watson,DEN,1,0,0,2024-10-26
Jazian Gortman,DAL,0,0,0,2024-10-26
Trevelin Queen,ORL,0,0,0,2024-10-26
Dario Šarić,DEN,0,2,0,2024-10-26
Gabe Vincent,LAL,2,0,0,2024-10-26
Lonzo Ball,CHI,3,5,1,2024-10-26
Reed Sheppard,HOU,0,1,1,2024-10-26
Jaylon Tyson,CLE,3,1,0,2024-10-26
Terance Mann,LAC,0,3,1,2024-10-26
Oso Ighodaro,PHO,0,1,0,2024-10-26
Alex Len,SAC,0,2,1,2024-10-26
Vasilije Micić,CHO,0,0,1,2024-10-26
Ayo Dosunmu,CHI,3,5,6,2024-10-26
Yuki Kawamura,MEM,0,0,0,2024-10-26
Tristan Thompson,CLE,0,1,0,2024-10-26
Jaden Hardy,DAL,0,1,0,2024-10-26
Kevin Porter,LAC,4,2,1,2024-10-26
Shai Gilgeous-Alexander,OKC,35,11,9,2024-10-27
Tyrese Maxey,PHI,45,4,4,2024-10-27
Chet Holmgren,OKC,25,9,4,2024-10-27
Dennis Schröder,BRK,29,4,6,2024-10-27
Cam Thomas,BRK,32,5,2,2024-10-27
Ivica Zubac,LAC,23,18,6,2024-10-27
Andrew Wiggins,GSW,29,3,0,2024-10-27
Anfernee Simons,POR,27,2,6,2024-10-27
Jerami Grant,POR,28,5,2,2024-10-27
Giannis Antetokounmpo,MIL,22,12,7,2024-10-27
CJ McCollum,NOP,27,4,3,2024-10-27
Deandre Ayton,POR,17,12,0,2024-10-27
Jalen Williams,OKC,20,9,5,2024-10-27
James Harden,LAC,23,7,11,2024-10-27
Pascal Siakam,IND,17,5,6,2024-10-27
Derrick Jones,LAC,18,4,0,2024-10-27
Bobby Portis,MIL,16,10,2,2024-10-27
Stephen Curry,GSW,18,4,6,2024-10-27
Toumani Camara,POR,12,3,4,2024-10-27
Damian Lillard,MIL,21,4,4,2024-10-27
Jordan Hawkins,NOP,17,7,3,2024-10-27
Brook Lopez,MIL,15,4,0,2024-10-27
Obi Toppin,IND,15,4,1,2024-10-27
Luguentz Dort,OKC,16,2,1,2024-10-27
Nic Claxton,BRK,10,11,1,2024-10-27
Kevon Looney,GSW,10,11,3,2024-10-27
Donovan Clingan,POR,9,9,0,2024-10-27
David Roddy,ATL,10,5,3,2024-10-27
Trae Young,ATL,24,1,8,2024-10-27
Tyrese Haliburton,IND,22,4,2,2024-10-27
Zaccharie Risacher,ATL,13,6,2,2024-10-27
Andre Drummond,PHI,9,17,1,2024-10-27
Garrison Mathews,ATL,14,2,2,2024-10-27
Onyeka Okongwu,ATL,14,3,1,2024-10-27
Norman Powell,LAC,20,1,0,2024-10-27
Cameron Johnson,BRK,13,6,3,2024-10-27
Kris Dunn,LAC,6,9,4,2024-10-27
Jonathan Kuminga,GSW,12,5,1,2024-10-27
Eric Gordon,PHI,15,1,1,2024-10-27
Brandon Ingram,NOP,14,8,6,2024-10-27
Clint Capela,ATL,6,10,2,2024-10-27
Herbert Jones,NOP,12,2,1,2024-10-27
T.J. McConnell,IND,10,5,4,2024-10-27
KJ Martin,PHI,8,3,1,2024-10-27
Aaron Wiggins,OKC,9,1,1,2024-10-27
Aaron Nesmith,IND,10,7,1,2024-10-27
Deni Avdija,POR,11,6,3,2024-10-27
Caleb Martin,PHI,17,12,1,2024-10-27
Yves Missi,NOP,5,3,2,2024-10-27
Javonte Green,NOP,7,3,0,2024-10-27
Zion Williamson,NOP,14,3,4,2024-10-27
Ben Sheppard,IND,6,2,2,2024-10-27
Amir Coffey,LAC,8,3,0,2024-10-27
Kyle Lowry,PHI,6,1,2,2024-10-27
De'Anthony Melton,GSW,8,1,0,2024-10-27
Andrew Nembhard,IND,10,2,8,2024-10-27
Myles Turner,IND,14,4,2,2024-10-27
Kelly Oubre,PHI,14,8,0,2024-10-27
Noah Clowney,BRK,13,4,0,2024-10-27
Ziaire Williams,BRK,7,4,0,2024-10-27
Gary Payton,GSW,6,3,0,2024-10-27
Ben Simmons,BRK,2,6,6,2024-10-27
Jose Alvarado,NOP,3,1,4,2024-10-27
Daniel Theis,NOP,2,4,1,2024-10-27
Nicolas Batum,LAC,5,4,2,2024-10-27
Dyson Daniels,ATL,7,8,2,2024-10-27
Kevin Porter,LAC,7,0,3,2024-10-27
Jabari Walker,POR,7,5,0,2024-10-27
Cason Wallace,OKC,5,4,1,2024-10-27
Alex Caruso,OKC,2,2,1,2024-10-27
Ousmane Dieng,OKC,5,1,0,2024-10-27
Adam Flagler,OKC,3,1,0,2024-10-27
Guerschon Yabusele,PHI,0,6,4,2024-10-27
Taurean Prince,MIL,3,7,1,2024-10-27
Rayan Rupert,POR,0,2,1,2024-10-27
Scoot Henderson,POR,9,5,7,2024-10-27
Ajay Mitchell,OKC,0,3,3,2024-10-27
Jarace Walker,IND,3,1,0,2024-10-27
Jalen Wilson,BRK,2,1,2,2024-10-27
Alex Reese,OKC,2,1,0,2024-10-27
A.J. Green,MIL,5,0,1,2024-10-27
Andre Jackson,MIL,0,0,1,2024-10-27
Jaylen Martin,BRK,3,0,0,2024-10-27
Tyler Smith,MIL,2,1,0,2024-10-27
Kris Murray,POR,5,1,1,2024-10-27
Bennedict Mathurin,IND,5,2,2,2024-10-27
AJ Johnson,MIL,2,0,0,2024-10-27
Vit Krejci,ATL,5,4,2,2024-10-27
Jared McCain,PHI,4,2,1,2024-10-27
Gary Trent,MIL,9,0,2,2024-10-27
Keaton Wallace,ATL,2,1,0,2024-10-27
Pat Connaughton,MIL,3,3,2,2024-10-27
Dorian Finney-Smith,BRK,3,3,2,2024-10-27
Isaiah Jackson,IND,2,1,0,2024-10-27
Trayce Jackson-Davis,GSW,4,1,1,2024-10-27
Isaiah Joe,OKC,6,1,1,2024-10-27
Brandin Podziemski,GSW,4,5,4,2024-10-27
Dalano Banton,POR,0,1,1,2024-10-27
Mouhamed Gueye,ATL,2,0,0,2024-10-27
Karlo Matković,NOP,2,3,0,2024-10-27
Shake Milton,BRK,0,0,1,2024-10-27
Yongxi Cui,BRK,1,0,0,2024-10-27
MarJon Beauchamp,MIL,4,0,0,2024-10-27
Jeremiah Robinson-Earl,NOP,0,0,0,2024-10-27
Lindy Waters,GSW,0,0,0,2024-10-27
Draymond Green,GSW,2,5,2,2024-10-27
Kai Jones,LAC,0,1,1,2024-10-27
Kyle Anderson,GSW,0,1,0,2024-10-27
Dillon Jones,OKC,0,0,0,2024-10-27
Buddy Hield,GSW,8,6,2,2024-10-27
Moses Moody,GSW,3,2,0,2024-10-27
Alex Ducas,OKC,0,0,0,2024-10-27
Duop Reath,POR,0,0,0,2024-10-27
Delon Wright,MIL,0,2,0,2024-10-27
Jalen Johnson,ATL,7,9,2,2024-10-27
Dariq Miller-Whitehead,BRK,0,1,0,2024-10-27
Antonio Reeves,NOP,0,1,0,2024-10-27
Terance Mann,LAC,2,1,0,2024-10-27
Keon Johnson,BRK,0,2,0,2024-10-27
Paolo Banchero,ORL,50,13,9,2024-10-28
Nikola Jokić,DEN,40,10,4,2024-10-28
Damian Lillard,MIL,33,7,7,2024-10-28
Darius Garland,CLE,34,3,3,2024-10-28
Jalen Johnson,ATL,29,12,7,2024-10-28
Jimmy Butler,MIA,23,4,7,2024-10-28
Payton Pritchard,BOS,28,5,3,2024-10-28
Kevin Durant,PHO,30,8,4,2024-10-28
Anthony Davis,LAL,29,15,3,2024-10-28
Desmond Bane,MEM,30,7,4,2024-10-28
Zach LaVine,CHI,30,3,4,2024-10-28
Jalen Green,HOU,36,1,2,2024-10-28
Devin Booker,PHO,33,3,2,2024-10-28
Scottie Barnes,TOR,21,12,9,2024-10-28
Kyrie Irving,DAL,23,6,9,2024-10-28
Jalen Suggs,ORL,25,5,7,2024-10-28
Pascal Siakam,IND,26,9,4,2024-10-28
Tyrese Haliburton,IND,19,9,10,2024-10-28
DeMar DeRozan,SAC,23,4,3,2024-10-28
Jordan Poole,WAS,26,1,5,2024-10-28
Austin Reaves,LAL,23,8,3,2024-10-28
Jaylen Brown,BOS,30,6,4,2024-10-28
Aaron Gordon,DEN,16,11,8,2024-10-28
Collin Sexton,UTA,23,4,2,2024-10-28
Cade Cunningham,DET,24,8,6,2024-10-28
Nikola Vučević,CHI,22,7,5,2024-10-28
Domantas Sabonis,SAC,16,13,7,2024-10-28
Jrue Holiday,BOS,21,4,3,2024-10-28
Jakob Poeltl,TOR,16,19,2,2024-10-28
Jeremy Sochan,SAS,22,9,4,2024-10-28
Bam Adebayo,MIA,12,10,4,2024-10-28
Jarrett Allen,CLE,15,15,1,2024-10-28
Mikal Bridges,NYK,19,6,3,2024-10-28
Kyle Kuzma,WAS,25,11,7,2024-10-28
Jake LaRavia,MEM,17,9,5,2024-10-28
Josh Giddey,CHI,12,13,8,2024-10-28
Larry Nance,ATL,15,3,4,2024-10-28
Rui Hachimura,LAL,20,10,1,2024-10-28
Kevin Huerter,SAC,18,1,4,2024-10-28
Donovan Mitchell,CLE,25,2,5,2024-10-28
Coby White,CHI,20,2,5,2024-10-28
Deandre Ayton,POR,20,11,1,2024-10-28
Dereck Lively,DAL,14,4,2,2024-10-28
Jalen Smith,CHI,16,7,1,2024-10-28
Jalen Duren,DET,10,11,2,2024-10-28
De'Aaron Fox,SAC,24,6,3,2024-10-28
Victor Wembanyama,SAS,14,20,5,2024-10-28
Josh Hart,NYK,16,13,2,2024-10-28
Scotty Pippen,MEM,14,4,10,2024-10-28
Giannis Antetokounmpo,MIL,30,10,6,2024-10-28
Christian Braun,DEN,17,4,2,2024-10-28
Clint Capela,ATL,16,4,2,2024-10-28
Walker Kessler,UTA,12,11,1,2024-10-28
Tim Hardaway,DET,20,0,1,2024-10-28
Santi Aldama,MEM,11,13,7,2024-10-28
Evan Mobley,CLE,17,8,1,2024-10-28
Jaren Jackson,MEM,19,6,1,2024-10-28
Jamal Murray,DEN,17,9,7,2024-10-28
P.J. Washington,DAL,12,11,2,2024-10-28
Jabari Smith,HOU,17,8,1,2024-10-28
Derrick White,BOS,13,3,8,2024-10-28
Corey Kispert,WAS,21,4,1,2024-10-28
Terry Rozier,MIA,20,5,3,2024-10-28
Jabari Walker,POR,15,6,0,2024-10-28
Zach Collins,SAS,11,3,1,2024-10-28
Jaime Jaquez,MIA,12,9,0,2024-10-28
Lauri Markkanen,UTA,17,9,2,2024-10-28
Royce O'Neale,PHO,12,9,4,2024-10-28
Ayo Dosunmu,CHI,10,8,4,2024-10-28
David Roddy,ATL,9,6,2,2024-10-28
Klay Thompson,DAL,18,4,2,2024-10-28
Carlton Carrington,WAS,13,3,2,2024-10-28
Wendell Carter,ORL,11,10,1,2024-10-28
Tyler Herro,MIA,19,4,6,2024-10-28
Brook Lopez,MIL,13,6,0,2024-10-28
Ochai Agbaji,TOR,15,7,0,2024-10-28
Bradley Beal,PHO,15,3,4,2024-10-28
Andrew Nembhard,IND,13,3,7,2024-10-28
John Collins,UTA,16,6,3,2024-10-28
Bilal Coulibaly,WAS,17,2,3,2024-10-28
Gradey Dick,TOR,15,1,4,2024-10-28
Davion Mitchell,TOR,16,2,6,2024-10-28
Chris Paul,SAS,16,1,3,2024-10-28
Fred VanVleet,HOU,11,3,9,2024-10-28
Obi Toppin,IND,14,2,0,2024-10-28
Al Horford,BOS,10,5,1,2024-10-28
Jalen Brunson,NYK,21,3,7,2024-10-28
Alperen Sengun,HOU,12,12,5,2024-10-28
Scoot Henderson,POR,18,4,5,2024-10-28
Tyus Jones,PHO,7,6,5,2024-10-28
Miles McBride,NYK,14,3,4,2024-10-28
D'Angelo Russell,LAL,14,1,9,2024-10-28
OG Anunoby,NYK,15,2,2,2024-10-28
Dyson Daniels,ATL,11,3,1,2024-10-28
Malik Monk,SAC,12,4,0,2024-10-28
Karl-Anthony Towns,NYK,13,10,3,2024-10-28
Daniel Gafford,DAL,9,7,0,2024-10-28
Michael Porter,DEN,13,9,2,2024-10-28
Trae Young,ATL,14,8,13,2024-10-28
Keyonte George,UTA,17,5,5,2024-10-28
Malaki Branham,SAS,15,0,1,2024-10-28
Lonzo Ball,CHI,6,1,6,2024-10-28
Jayson Tatum,BOS,15,8,4,2024-10-28
RJ Barrett,TOR,20,5,3,2024-10-28
Jaden Ivey,DET,18,4,1,2024-10-28
Jay Huff,MEM,10,2,1,2024-10-28
Isaiah Jackson,IND,7,9,2,2024-10-28
Gary Trent,MIL,10,3,1,2024-10-28
Moritz Wagner,ORL,14,4,1,2024-10-28
Luka Dončić,DAL,15,9,8,2024-10-28
Tari Eason,HOU,6,5,2,2024-10-28
Jaylen Wells,MEM,11,6,2,2024-10-28
Spencer Dinwiddie,DAL,11,0,1,2024-10-28
LeBron James,LAL,11,5,8,2024-10-28
Garrison Mathews,ATL,14,0,2,2024-10-28
Jordan Clarkson,UTA,13,5,4,2024-10-28
Jamal Shead,TOR,8,1,5,2024-10-28
Myles Turner,IND,13,5,0,2024-10-28
Ryan Dunn,PHO,7,1,0,2024-10-28
Tobias Harris,DET,9,10,1,2024-10-28
Franz Wagner,ORL,7,1,1,2024-10-28
Julian Strawther,DEN,9,2,0,2024-10-28
Russell Westbrook,DEN,9,4,3,2024-10-28
Anthony Black,ORL,8,3,3,2024-10-28
Deni Avdija,POR,9,4,1,2024-10-28
Naji Marshall,DAL,4,6,2,2024-10-28
Jonas Valančiūnas,WAS,7,9,4,2024-10-28
Haywood Highsmith,MIA,4,4,1,2024-10-28
Caris LeVert,CLE,5,4,3,2024-10-28
Alex Sarr,WAS,7,9,1,2024-10-28
Sam Merrill,CLE,6,2,2,2024-10-28
Pat Connaughton,MIL,5,2,0,2024-10-28
Vit Krejci,ATL,7,0,0,2024-10-28
Ben Sheppard,IND,8,1,0,2024-10-28
Jonathan Mogbo,TOR,6,3,1,2024-10-28
Doug McDermott,SAC,6,0,0,2024-10-28
Mason Plumlee,PHO,0,10,2,2024-10-28
Aaron Nesmith,IND,10,4,1,2024-10-28
Peyton Watson,DEN,6,2,2,2024-10-28
Max Christie,LAL,5,2,1,2024-10-28
Julian Champagnie,SAS,5,5,1,2024-10-28
Isaiah Stewart,DET,2,15,2,2024-10-28
Georges Niang,CLE,5,4,1,2024-10-28
Kris Murray,POR,7,2,0,2024-10-28
Blake Wesley,SAS,6,2,2,2024-10-28
Steven Adams,HOU,6,3,0,2024-10-28
Zach Edey,MEM,6,5,0,2024-10-28
Dillon Brooks,HOU,7,7,0,2024-10-28
Rayan Rupert,POR,4,1,1,2024-10-28
Simone Fontecchio,DET,6,4,0,2024-10-28
Nikola Jović,MIA,6,4,1,2024-10-28
Donovan Clingan,POR,2,6,0,2024-10-28
Quentin Grimes,DAL,4,3,1,2024-10-28
Bennedict Mathurin,IND,5,2,0,2024-10-28
Amen Thompson,HOU,7,3,0,2024-10-28
Toumani Camara,POR,2,2,3,2024-10-28
Keegan Murray,SAC,6,8,2,2024-10-28
Andre Jackson,MIL,4,3,2,2024-10-28
Brandon Clarke,MEM,4,4,0,2024-10-28
Alex Len,SAC,0,1,4,2024-10-28
Jamison Battle,TOR,4,1,0,2024-10-28
Jerami Grant,POR,7,8,2,2024-10-28
Cameron Payne,NYK,6,3,1,2024-10-28
Anfernee Simons,POR,12,1,3,2024-10-28
Marvin Bagley,WAS,2,2,0,2024-10-28
Stephon Castle,SAS,4,1,5,2024-10-28
A.J. Green,MIL,3,1,0,2024-10-28
Keon Ellis,SAC,3,3,1,2024-10-28
Julian Phillips,CHI,5,3,1,2024-10-28
Ron Holland,DET,6,2,0,2024-10-28
Grayson Allen,PHO,3,2,0,2024-10-28
Chris Boucher,TOR,4,3,0,2024-10-28
Luke Kornet,BOS,0,1,1,2024-10-28
Duop Reath,POR,0,1,1,2024-10-28
MarJon Beauchamp,MIL,3,0,0,2024-10-28
Taylor Hendricks,UTA,2,3,2,2024-10-28
Thomas Bryant,MIA,4,2,0,2024-10-28
Brice Sensabaugh,UTA,0,2,1,2024-10-28
Gabe Vincent,LAL,3,0,0,2024-10-28
Jordan Walsh,BOS,2,3,0,2024-10-28
Cam Whitmore,HOU,4,1,0,2024-10-28
Patrick Williams,CHI,5,6,1,2024-10-28
Alec Burks,MIA,0,1,2,2024-10-28
Marcus Smart,MEM,1,4,7,2024-10-28
Dean Wade,CLE,1,3,4,2024-10-28
Reed Sheppard,HOU,0,0,1,2024-10-28
Patty Mills,UTA,0,0,2,2024-10-28
Cody Williams,UTA,2,4,0,2024-10-28
Kentavious Caldwell-Pope,ORL,4,0,1,2024-10-28
Kyshawn George,WAS,3,2,1,2024-10-28
Trey Lyles,SAC,3,0,0,2024-10-28
Isaac Okoro,CLE,0,0,1,2024-10-28
Jericho Sims,NYK,0,1,0,2024-10-28
Kyle Filipowski,UTA,0,1,2,2024-10-28
Jett Howard,ORL,0,2,1,2024-10-28
Keldon Johnson,SAS,6,5,0,2024-10-28
Kessler Edwards,DAL,0,0,0,2024-10-28
Colby Jones,SAC,0,0,0,2024-10-28
Zaccharie Risacher,ATL,4,3,1,2024-10-28
Baylor Scheierman,BOS,0,0,0,2024-10-28
Keaton Wallace,ATL,0,0,0,2024-10-28
Duncan Robinson,MIA,6,1,0,2024-10-28
Delon Wright,MIL,0,0,1,2024-10-28
Isaac Jones,SAC,0,0,0,2024-10-28
Monte Morris,PHO,0,0,0,2024-10-28
Dwight Powell,DAL,0,0,0,2024-10-28
Olivier-Maxence Prosper,DAL,0,0,0,2024-10-28
Ryan Rollins,MIL,0,0,0,2024-10-28
Tyler Smith,MIL,0,1,0,2024-10-28
Dalano Banton,POR,2,0,0,2024-10-28
Ty Jerome,CLE,2,0,0,2024-10-28
Taurean Prince,MIL,3,4,1,2024-10-28
Drew Peterson,BOS,0,0,0,2024-10-28
Neemias Queta,BOS,0,0,0,2024-10-28
Brandon Williams,DAL,0,0,0,2024-10-28
Ariel Hukporti,NYK,0,2,0,2024-10-28
Jarace Walker,IND,0,0,0,2024-10-28
Bobby Portis,MIL,4,6,0,2024-10-28
Dalen Terry,CHI,0,0,1,2024-10-28
Jaden Springer,BOS,0,0,0,2024-10-28
Matas Buzelis,CHI,0,0,0,2024-10-28
Harrison Barnes,SAS,2,3,0,2024-10-28
D.J. Carton,TOR,0,0,0,2024-10-28
Gary Harris,ORL,0,3,1,2024-10-28
Dalton Knecht,LAL,0,1,0,2024-10-28
Jaden Hardy,DAL,0,0,0,2024-10-28
Cole Anthony,ORL,0,5,1,2024-10-28
T.J. McConnell,IND,0,0,1,2024-10-28
Jaxson Hayes,LAL,0,4,0,2024-10-28
Jordan McLaughlin,SAC,0,0,1,2024-10-28
Jusuf Nurkić,PHO,2,4,0,2024-10-28
Xavier Tillman,BOS,0,3,0,2024-10-28
Dario Šarić,DEN,0,1,1,2024-10-28
Malik Beasley,DET,3,0,1,2024-10-28
Nikola Jokić,DEN,29,18,16,2024-10-29
Kyrie Irving,DAL,35,4,5,2024-10-29
Anthony Edwards,MIN,37,6,3,2024-10-29
Dennis Schröder,BRK,28,0,14,2024-10-29
Domantas Sabonis,SAC,28,11,4,2024-10-29
Brandon Ingram,NOP,30,4,2,2024-10-29
Aaron Gordon,DEN,24,5,2,2024-10-29
Lindy Waters,GSW,21,8,4,2024-10-29
DeMar DeRozan,SAC,20,4,8,2024-10-29
Buddy Hield,GSW,28,1,1,2024-10-29
Zion Williamson,NOP,31,8,3,2024-10-29
Cameron Johnson,BRK,20,7,5,2024-10-29
Russell Westbrook,DEN,22,1,5,2024-10-29
Julius Randle,MIN,20,7,7,2024-10-29
Nic Claxton,BRK,16,12,2,2024-10-29
Ziaire Williams,BRK,18,3,4,2024-10-29
Brandin Podziemski,GSW,19,3,5,2024-10-29
P.J. Washington,DAL,17,8,3,2024-10-29
De'Aaron Fox,SAC,19,5,6,2024-10-29
Daniel Gafford,DAL,14,4,1,2024-10-29
Jordan Clarkson,UTA,21,5,3,2024-10-29
Luka Dončić,DAL,24,8,8,2024-10-29
Kevin Huerter,SAC,14,5,0,2024-10-29
Jonathan Kuminga,GSW,17,3,3,2024-10-29
Moses Moody,GSW,17,2,1,2024-10-29
Jamal Murray,DEN,24,3,3,2024-10-29
Michael Porter,DEN,16,5,2,2024-10-29
Cam Thomas,BRK,26,3,3,2024-10-29
Dorian Finney-Smith,BRK,17,5,4,2024-10-29
Jalen Wilson,BRK,11,6,2,2024-10-29
John Collins,UTA,18,7,0,2024-10-29
Jaden McDaniels,MIN,13,4,4,2024-10-29
Christian Braun,DEN,12,3,3,2024-10-29
Naz Reid,MIN,14,9,2,2024-10-29
Nickeil Alexander-Walker,MIN,11,2,3,2024-10-29
Kyle Filipowski,UTA,12,8,2,2024-10-29
Dereck Lively,DAL,5,9,1,2024-10-29
Keegan Murray,SAC,14,5,1,2024-10-29
Yves Missi,NOP,9,7,3,2024-10-29
Walker Kessler,UTA,4,8,2,2024-10-29
Mike Conley,MIN,9,4,6,2024-10-29
Draymond Green,GSW,3,3,7,2024-10-29
Brice Sensabaugh,UTA,11,3,1,2024-10-29
Kevon Looney,GSW,4,9,2,2024-10-29
Cody Williams,UTA,9,0,2,2024-10-29
Keon Ellis,SAC,5,4,2,2024-10-29
Keyonte George,UTA,10,4,11,2024-10-29
Naji Marshall,DAL,4,3,3,2024-10-29
Trayce Jackson-Davis,GSW,3,2,5,2024-10-29
Quentin Grimes,DAL,9,1,0,2024-10-29
Trey Lyles,SAC,2,7,1,2024-10-29
Jose Alvarado,NOP,6,0,4,2024-10-29
Daniel Theis,NOP,5,7,3,2024-10-29
Javonte Green,NOP,3,6,1,2024-10-29
Julian Strawther,DEN,7,4,0,2024-10-29
Gary Payton,GSW,7,1,0,2024-10-29
Rudy Gobert,MIN,7,8,1,2024-10-29
Donte DiVincenzo,MIN,3,2,6,2024-10-29
Herbert Jones,NOP,5,3,0,2024-10-29
Jeremiah Robinson-Earl,NOP,5,1,0,2024-10-29
Lauri Markkanen,UTA,7,3,1,2024-10-29
Klay Thompson,DAL,7,0,1,2024-10-29
Peyton Watson,DEN,7,2,0,2024-10-29
Alex Len,SAC,2,4,0,2024-10-29
CJ McCollum,NOP,5,6,5,2024-10-29
Jamal Cain,NOP,3,0,0,2024-10-29
Pat Spencer,GSW,4,0,0,2024-10-29
Dario Šarić,DEN,3,2,0,2024-10-29
Kyle Anderson,GSW,1,2,4,2024-10-29
Malik Monk,SAC,7,4,3,2024-10-29
Shake Milton,BRK,3,1,2,2024-10-29
Jaden Hardy,DAL,2,1,1,2024-10-29
Reece Beekman,GSW,0,0,1,2024-10-29
Patty Mills,UTA,0,1,0,2024-10-29
Spencer Dinwiddie,DAL,3,2,2,2024-10-29
Brandon Boston,NOP,0,0,1,2024-10-29
Drew Eubanks,UTA,0,1,1,2024-10-29
Jordan McLaughlin,SAC,0,0,1,2024-10-29
Noah Clowney,BRK,0,3,1,2024-10-29
Joe Ingles,MIN,0,0,1,2024-10-29
Colby Jones,SAC,0,0,0,2024-10-29
Gui Santos,GSW,0,0,1,2024-10-29
Doug McDermott,SAC,2,0,0,2024-10-29
Keon Johnson,BRK,0,1,0,2024-10-29
Johnny Juzang,UTA,0,0,0,2024-10-29
Jordan Hawkins,NOP,4,2,1,2024-10-29
Isaac Jones,SAC,0,0,0,2024-10-29
Collin Sexton,UTA,4,2,1,2024-10-29
Karl-Anthony Towns,NYK,44,13,2,2024-10-30
Dennis Schröder,BRK,33,2,8,2024-10-30
Trae Young,ATL,35,4,15,2024-10-30
Tyler Herro,MIA,34,5,7,2024-10-30
Nick Richards,CHO,24,14,4,2024-10-30
Jayson Tatum,BOS,37,8,4,2024-10-30
Bilal Coulibaly,WAS,27,9,1,2024-10-30
RJ Barrett,TOR,31,4,8,2024-10-30
Jaren Jackson,MEM,30,4,0,2024-10-30
Tyrese Maxey,PHI,32,3,7,2024-10-30
Pascal Siakam,IND,29,11,5,2024-10-30
Bennedict Mathurin,IND,30,11,4,2024-10-30
Jarrett Allen,CLE,20,17,1,2024-10-30
Cody Martin,CHO,25,4,2,2024-10-30
Jakob Poeltl,TOR,20,16,2,2024-10-30
Norman Powell,LAC,30,5,2,2024-10-30
Luguentz Dort,OKC,20,6,1,2024-10-30
Gradey Dick,TOR,30,2,1,2024-10-30
Jonas Valančiūnas,WAS,22,8,6,2024-10-30
Josh Giddey,CHI,20,11,5,2024-10-30
Donovan Mitchell,CLE,24,3,7,2024-10-30
Derrick White,BOS,23,3,1,2024-10-30
Paolo Banchero,ORL,31,7,4,2024-10-30
Tre Mann,CHO,27,1,4,2024-10-30
Jalen Johnson,ATL,21,17,4,2024-10-30
LeBron James,LAL,26,6,3,2024-10-30
Jordan Poole,WAS,24,3,9,2024-10-30
Grant Williams,CHO,17,2,5,2024-10-30
Jalen Brunson,NYK,22,2,9,2024-10-30
Cade Cunningham,DET,22,5,7,2024-10-30
Caris LeVert,CLE,16,0,6,2024-10-30
Chris Paul,SAS,14,5,9,2024-10-30
Anfernee Simons,POR,25,2,6,2024-10-30
Harrison Barnes,SAS,18,4,1,2024-10-30
Brandon Clarke,MEM,13,3,1,2024-10-30
Trayce Jackson-Davis,GSW,15,9,2,2024-10-30
Nikola Vučević,CHI,18,14,5,2024-10-30
Tyrese Haliburton,IND,17,6,12,2024-10-30
Buddy Hield,GSW,21,2,3,2024-10-30
Evan Mobley,CLE,25,5,0,2024-10-30
Anthony Davis,LAL,22,13,2,2024-10-30
Josh Hart,NYK,10,14,6,2024-10-30
Carlton Carrington,WAS,16,6,6,2024-10-30
Ty Jerome,CLE,14,2,4,2024-10-30
Mikal Bridges,NYK,17,3,6,2024-10-30
Chet Holmgren,OKC,19,5,2,2024-10-30
Ziaire Williams,BRK,17,1,3,2024-10-30
Jalen Williams,OKC,12,7,8,2024-10-30
Jose Alvarado,NOP,16,5,4,2024-10-30
Jaden Ivey,DET,23,3,3,2024-10-30
Obi Toppin,IND,18,7,3,2024-10-30
Jalen Suggs,ORL,17,6,5,2024-10-30
James Harden,LAC,19,5,10,2024-10-30
Jeremy Sochan,SAS,17,9,4,2024-10-30
Draymond Green,GSW,14,4,6,2024-10-30
Terry Rozier,MIA,16,4,7,2024-10-30
Coby White,CHI,21,2,3,2024-10-30
Isaiah Stewart,DET,7,11,3,2024-10-30
Deandre Ayton,POR,15,12,1,2024-10-30
Ayo Dosunmu,CHI,12,4,4,2024-10-30
Deni Avdija,POR,13,10,2,2024-10-30
Wendell Carter,ORL,14,7,2,2024-10-30
Ajay Mitchell,OKC,12,4,0,2024-10-30
Jimmy Butler,MIA,15,4,4,2024-10-30
Dalton Knecht,LAL,18,3,1,2024-10-30
Payton Pritchard,BOS,16,4,4,2024-10-30
Kyle Anderson,GSW,10,4,2,2024-10-30
Jaylen Brown,BOS,25,6,5,2024-10-30
Jonathan Mogbo,TOR,11,4,2,2024-10-30
Tim Hardaway,DET,16,0,3,2024-10-30
Brandon Ingram,NOP,14,5,6,2024-10-30
Scoot Henderson,POR,14,3,6,2024-10-30
Jonathan Kuminga,GSW,16,4,2,2024-10-30
Tobias Harris,DET,18,14,1,2024-10-30
Shai Gilgeous-Alexander,OKC,18,4,5,2024-10-30
Zaccharie Risacher,ATL,17,6,2,2024-10-30
Luke Kornet,BOS,8,9,2,2024-10-30
Cam Thomas,BRK,19,2,2,2024-10-30
Jalen Wilson,BRK,12,7,2,2024-10-30
Kyshawn George,WAS,11,2,4,2024-10-30
D'Angelo Russell,LAL,10,3,5,2024-10-30
Jordan Hawkins,NOP,23,4,1,2024-10-30
Alex Sarr,WAS,11,5,2,2024-10-30
David Roddy,ATL,17,4,1,2024-10-30
Cameron Johnson,BRK,14,2,4,2024-10-30
Jamal Shead,TOR,7,2,9,2024-10-30
Chris Boucher,TOR,13,4,1,2024-10-30
Zach Edey,MEM,13,2,1,2024-10-30
Darius Garland,CLE,12,0,10,2024-10-30
Isaiah Jackson,IND,10,5,0,2024-10-30
Davion Mitchell,TOR,11,2,11,2024-10-30
Jeremiah Robinson-Earl,NOP,9,5,3,2024-10-30
Toumani Camara,POR,12,1,1,2024-10-30
Corey Kispert,WAS,16,1,2,2024-10-30
Aaron Nesmith,IND,12,8,3,2024-10-30
Bam Adebayo,MIA,11,3,4,2024-10-30
Malaki Branham,SAS,15,3,0,2024-10-30
Kai Jones,LAC,7,5,1,2024-10-30
Josh Green,CHO,9,2,3,2024-10-30
Jared McCain,PHI,12,3,3,2024-10-30
Kris Murray,POR,5,8,2,2024-10-30
Andre Drummond,PHI,9,11,0,2024-10-30
Ja Morant,MEM,14,8,11,2024-10-30
Patrick Williams,CHI,10,7,2,2024-10-30
Ochai Agbaji,TOR,10,3,3,2024-10-30
Derrick Jones,LAC,9,8,2,2024-10-30
Keaton Wallace,ATL,8,1,2,2024-10-30
Ben Sheppard,IND,7,6,2,2024-10-30
Javonte Green,NOP,5,5,2,2024-10-30
Miles McBride,NYK,10,3,2,2024-10-30
Nikola Jović,MIA,10,6,1,2024-10-30
Brandin Podziemski,GSW,13,8,7,2024-10-30
Jonathan Isaac,ORL,8,5,1,2024-10-30
Nicolas Batum,LAC,5,2,4,2024-10-30
Clint Capela,ATL,12,5,0,2024-10-30
Jaxson Hayes,LAL,6,3,2,2024-10-30
Franz Wagner,ORL,7,3,4,2024-10-30
Ousmane Dieng,OKC,5,5,3,2024-10-30
Ben Simmons,BRK,8,5,3,2024-10-30
Guerschon Yabusele,PHI,8,2,2,2024-10-30
LaMelo Ball,CHO,19,3,6,2024-10-30
Anthony Black,ORL,4,3,6,2024-10-30
OG Anunoby,NYK,11,3,0,2024-10-30
Isaiah Joe,OKC,6,1,2,2024-10-30
Dean Wade,CLE,8,3,2,2024-10-30
Ivica Zubac,LAC,6,12,1,2024-10-30
Malik Beasley,DET,11,3,3,2024-10-30
Rui Hachimura,LAL,8,5,2,2024-10-30
Al Horford,BOS,8,4,1,2024-10-30
Cason Wallace,OKC,9,1,2,2024-10-30
Donovan Clingan,POR,7,6,0,2024-10-30
Neemias Queta,BOS,2,9,1,2024-10-30
T.J. McConnell,IND,10,2,3,2024-10-30
Kelly Oubre,PHI,13,7,1,2024-10-30
Keon Johnson,BRK,4,7,1,2024-10-30
Desmond Bane,MEM,10,6,0,2024-10-30
Zach LaVine,CHI,11,10,3,2024-10-30
Jamal Cain,NOP,7,2,1,2024-10-30
Kris Dunn,LAC,6,2,2,2024-10-30
Keldon Johnson,SAS,9,7,2,2024-10-30
Garrison Mathews,ATL,6,1,2,2024-10-30
Rayan Rupert,POR,7,1,0,2024-10-30
Tidjane Salaün,CHO,3,3,3,2024-10-30
Thomas Bryant,MIA,6,3,0,2024-10-30
Victor Wembanyama,SAS,6,8,2,2024-10-30
Seth Curry,CHO,7,2,1,2024-10-30
Amir Coffey,LAC,9,0,0,2024-10-30
Ron Holland,DET,6,3,0,2024-10-30
Dorian Finney-Smith,BRK,7,5,4,2024-10-30
Moritz Wagner,ORL,7,6,1,2024-10-30
Kyle Lowry,PHI,3,3,2,2024-10-30
KJ Martin,PHI,6,2,0,2024-10-30
Cameron Payne,NYK,0,1,5,2024-10-30
Jaylen Wells,MEM,9,1,4,2024-10-30
Kentavious Caldwell-Pope,ORL,8,1,1,2024-10-30
Sam Merrill,CLE,3,0,3,2024-10-30
Max Christie,LAL,6,1,1,2024-10-30
Kevin Porter,LAC,10,6,1,2024-10-30
Sam Hauser,BOS,5,2,1,2024-10-30
Jaime Jaquez,MIA,8,8,4,2024-10-30
Tristan Thompson,CLE,4,3,1,2024-10-30
Lindy Waters,GSW,3,1,3,2024-10-30
Bronny James,LAL,2,0,2,2024-10-30
Terance Mann,LAC,4,4,3,2024-10-30
Georges Niang,CLE,5,2,2,2024-10-30
Adama Sanogo,CHI,4,1,1,2024-10-30
Simone Fontecchio,DET,2,4,2,2024-10-30
Dru Smith,MIA,2,4,0,2024-10-30
Jrue Holiday,BOS,8,3,4,2024-10-30
John Konchar,MEM,3,3,0,2024-10-30
Reece Beekman,GSW,2,1,0,2024-10-30
Trey Jemison,NOP,2,2,0,2024-10-30
Moses Moody,GSW,8,4,3,2024-10-30
Andrew Nembhard,IND,2,0,1,2024-10-30
Zach Collins,SAS,3,4,1,2024-10-30
Austin Reaves,LAL,7,2,3,2024-10-30
Zion Williamson,NOP,12,12,4,2024-10-30
Kevon Looney,GSW,2,4,1,2024-10-30
Jericho Sims,NYK,2,3,0,2024-10-30
Jared Butler,WAS,2,2,2,2024-10-30
Moussa Diabaté,CHO,0,4,1,2024-10-30
Onyeka Okongwu,ATL,2,3,2,2024-10-30
Brandon Boston,NOP,1,3,2,2024-10-30
Scotty Pippen,MEM,5,0,4,2024-10-30
Larry Nance,ATL,2,0,0,2024-10-30
Eric Gordon,PHI,3,0,1,2024-10-30
Alex Caruso,OKC,0,2,2,2024-10-30
Jett Howard,ORL,3,2,0,2024-10-30
Marvin Bagley,WAS,2,1,0,2024-10-30
Ricky Council,PHI,2,1,0,2024-10-30
Jay Huff,MEM,4,0,0,2024-10-30
Gabe Vincent,LAL,5,0,0,2024-10-30
Aaron Wiggins,OKC,4,3,3,2024-10-30
Miles Bridges,CHO,7,3,2,2024-10-30
Jake LaRavia,MEM,3,7,5,2024-10-30
Sandro Mamukelashvili,SAS,3,5,1,2024-10-30
Patrick Baldwin,WAS,2,0,0,2024-10-30
Sidy Cissoko,SAS,0,1,1,2024-10-30
Marcus Smart,MEM,0,1,1,2024-10-30
Jaylon Tyson,CLE,0,1,1,2024-10-30
Adem Bona,PHI,0,0,0,2024-10-30
Pat Spencer,GSW,0,0,1,2024-10-30
Duncan Robinson,MIA,5,2,0,2024-10-30
Bruno Fernando,TOR,0,1,0,2024-10-30
Shake Milton,BRK,0,1,0,2024-10-30
Isaac Okoro,CLE,3,0,0,2024-10-30
Gary Payton,GSW,0,1,2,2024-10-30
Jabari Walker,POR,0,1,0,2024-10-30
Blake Wesley,SAS,5,1,0,2024-10-30
Julian Phillips,CHI,4,1,0,2024-10-30
Santi Aldama,MEM,2,3,0,2024-10-30
Yongxi Cui,BRK,0,0,0,2024-10-30
Johnny Davis,WAS,0,0,0,2024-10-30
Alex Ducas,OKC,0,0,0,2024-10-30
Anthony Gill,WAS,0,0,0,2024-10-30
Jaylen Martin,BRK,0,0,0,2024-10-30
Tyrese Martin,BRK,0,0,0,2024-10-30
Xavier Tillman,BOS,0,2,0,2024-10-30
Jordan Walsh,BOS,0,1,0,2024-10-30
Adam Flagler,OKC,0,0,0,2024-10-30
Gary Harris,ORL,0,2,1,2024-10-30
Dillon Jones,OKC,0,1,0,2024-10-30
Torrey Craig,CHI,0,2,0,2024-10-30
Matas Buzelis,CHI,0,0,0,2024-10-30
Yuki Kawamura,MEM,0,0,0,2024-10-30
Gui Santos,GSW,0,0,0,2024-10-30
Jerami Grant,POR,8,3,1,2024-10-30
Caleb Martin,PHI,7,5,1,2024-10-30
Yves Missi,NOP,0,3,1,2024-10-30
Julian Champagnie,SAS,3,3,0,2024-10-30
Noah Clowney,BRK,5,2,0,2024-10-30
Jamison Battle,TOR,0,3,0,2024-10-30
Cam Reddish,LAL,0,1,0,2024-10-30
Stephon Castle,SAS,0,2,1,2024-10-30
Jalen Duren,DET,0,6,1,2024-10-30
Daniel Theis,NOP,0,3,0,2024-10-30
Dalen Terry,CHI,2,2,0,2024-10-30
Jarace Walker,IND,0,1,0,2024-10-30
